【合租】望京 南湖中园小区 3室次卧,南湖中园小区,https://legoclick.58.com/cpaclick?target=szqBpB3draOWUvYf0A-80A7Guvq8uL-ds1EznWD3nWb3njD3rjDOXaO1pZwVUT7bsyEOryNYn191syNkmWNVPAcQrid6nAR6sywhnHDOnhmOn1b1n9DYPjmLPjT3P1mYnH9LrTDKPjcznH9zrH9knH93nHbKPWTknjTkTHmknjTknTDLnjD1PTDQnWT1THDdrjbOrjNdn1cdP19KnE7AEzdkmzd_pgPYUARhITDQTHDKTiYQTEDzPjbQnHNzrHNznWbOPWTKnTDQnHczrjCznjTkg1nknjTKnE76mH9vnH9Orad6rjDQsHELuWNVmHnYmidWPvnduHDYrAF6rynKnHcvnWEvPWNYnjm1n1T3n1bkPTDQnWmzPjmvPHEkPHNLPH0YnHEYTEDYnW9zTHDKni3kTEDVTEDKpZwY0ZnlszqBpB3draOWUvYfIv78uvGGUh0f0A-80A7Guvq8uL-dsLK8s1Df5vdGUMKzpyP-5HcknjKxn1TknTDKrjT8nWn1sWn1sWELTHTKnTDQsWTKnikYnW9zTgVqTHDknjTvTHDknjT3PHDKPvc1rA7BnAEVmhRBmzYYnhuBsyDOnHmVnhN3rjnLnWDYnvcdTEDkTEDKnTDKnT78IyQ_THu6nHK6rjFhPWcOm1PWPvE&tid=7b38ab0d-bebc-42fb-a916-2e88372143b5&slotid=1000851&productid=10006&bizresource=0&extParam=%7B%22ppgy_stats%22%3A%7B%22pageSource%22%3A%22%22%2C%22resource%22%3A%2258%22%2C%22abVersion%22%3A%22%22%7D%7D
【合租】望京 南湖中园小区 3室次卧,南湖中园小区,https://legoclick.58.com/cpaclick?target=szqBpB3draOWUvYf0A-80A7Guvq8uL-ds1EznWcLP1mkPW91nWbLXaO1pZwVUT7bsyEOryNYn191syNkmWNVPAcQrid6nAR6sywhnHDOnhmOn1b1n9DYPjmLPjT3P1mYnH9LrTDKPjcznW0LPWTvrjnzrH0KPWTknjTkTHmknjTknTDLnjD1PTDQnWT1THDdrjbOrjNdn1cdP19Kn97AEzdkmzd_pgPYUARhITDQTHDKTiYQTEDzPjbQnHNzrHNznWbOPWTKnTDQnHczrjCznjTkg1nknjTKnEDkPymzm1n1uadBPhNdsHEkrHDVmymzPaYdnjnQmHc1n1F6nHbKnHcvnW0LPWmQn1TYnHnYrjmkrTDQnWmzP10vPWDzrHbOPjDLrjNLTEDYnW9zTHDKni3kTEDVTEDKpZwY0ZnlszqBpB3draOWUvYfIv78uvGGUh0f0A-80A7Guvq8uL-dsLK8s1Df5vdGUMKzpyP-5HcknjKxn1TknTDKrjT8nWn1sWn1sWELTHTKnTDQsWTKnikYnW9zTgVqTHDknjTvTHDknjT3PHDKrjN3njckPWcVPH6BuaYYmvD3sH-hPWEVPHT3uyDkm1nkujN3TEDkTEDKnTDKnT78IyQ_TynzmWcQmWNYnj03PHKbnhE&tid=85802062-58bd-4ca8-9f64-508ea0c30d58&slotid=1000851&productid=10006&bizresource=0&extParam=%7B%22ppgy_stats%22%3A%7B%22pageSource%22%3A%22%22%2C%22resource%22%3A%2258%22%2C%22abVersion%22%3A%22%22%7D%7D
【合租】望京 南湖中园小区 3室次卧,南湖中园小区,https://legoclick.58.com/cpaclick?target=szqBpB3draOWUvYf0A-80A7Guvq8uL-ds1EznWcOP1ndP1nznWndXaO1pZwVUT7bsyEOryNYn191syNkmWNVPAcQrid6nAR6sywhnHDOnhmOn1b1n9DYPjmLPjT3P1mYnH9LrTDKPjcznWbLn1NLn1czn1NKPWTknjTkTHmknjTknTDLnjD1PTDQnWT1THDdrjbOrjNdn1cdP1bKnk7AEzdkmzd_pgPYUARhITDQTHDKTiYQTEDzPjbQnHNzrHNznWbOPWTKnTDQnHczrjCznjTkg1nknjTKnEDYm1w-PHDkuidBuhNdsHwbmHmVrHDvmBYduH9LPyEdPyR-nHEKnHcvnW9YnHn1nHELPHT1njTQP9DQnWmzrjEQn1nQn1bOPHEYrjnzTEDYnW9zTHDKni3kTEDVTEDKpZwY0ZnlszqBpB3draOWUvYfIv78uvGGUh0f0A-80A7Guvq8uL-dsLK8s1Df5vdGUMKzpyP-5HcknjKxn1TknTDKrjT8nWn1sWn1sWELTHTKnTDQsWTKnikYnW9zTgVqTHDknjTvTHDknjT3PHDKPjFBuycQP1DVm1F6nzYYujFBsycvuhDVuhR6PjTOmyNLnWPhTEDkTEDKnTDKnT78IyQ_TyDQmHb1P1cLPWnzrH9Qnjb&tid=42beb171-c2a3-4d2b-b6fa-fea409ae723f&slotid=1000851&productid=10006&bizresource=0&extParam=%7B%22ppgy_stats%22%3A%7B%22pageSource%22%3A%22%22%2C%22resource%22%3A%2258%22%2C%22abVersion%22%3A%22%22%7D%7D
【合租】望京 南湖中园小区 3室次卧,南湖中园小区,https://legoclick.58.com/cpaclick?target=szqBpB3draOWUvYf0A-80A7Guvq8uL-ds1EznWcLn1cQPWbdn1b1XaO1pZwVUT7bsyEOryNYn191syNkmWNVPAcQrid6nAR6sywhnHDOnhmOn1b1n9DYPjmLPjT3P1mYnH9LrTDKPjcznW01nWDvrHN1rHnKPWTknjTkTHmknjTknTDLnjD1PTDQnWT1THDdrjbOrjNdn1cdP1bKPT7AEzdkmzd_pgPYUARhITDQTHDKTiYQTEDzPjbQnHNzrHNznWbOPWTKnTDQnHczrjCznjTkg1nknjTKnEDLujnYnjc1nzdhPhF-sHEdP19VrjmYPzYOnj93rAwBmWcvnhcKnHcvnW0vnWczrjnYPjEYnW93nTDQnWmzP1mznWc3n1Ddnj0kPjmYTEDYnW9zTHDKni3kTEDVTEDKpZwY0ZnlszqBpB3draOWUvYfIv78uvGGUh0f0A-80A7Guvq8uL-dsLK8s1Df5vdGUMKzpyP-5HcknjKxn1TknTDKrjT8nWn1sWn1sWELTHTKnTDQsWTKnikYnW9zTgVqTHDknjTvTHDknjT3PHDKnhmkn17BuhnVnHEkraYYP17BsHbknADVnHFhrHEzmyczuWELTEDkTEDKnTDKnT78IyQ_THRBuWKBmymQP1NOrH0Ynhn&tid=2f031bfc-1408-471b-900a-12f942ab2f47&slotid=1000851&productid=10006&bizresource=0&extParam=%7B%22ppgy_stats%22%3A%7B%22pageSource%22%3A%22%22%2C%22resource%22%3A%2258%22%2C%22abVersion%22%3A%22%22%7D%7D
【合租】望京 南湖中园一区(西 3室次卧,南湖中园一区(西,https://legoclick.58.com/cpaclick?target=szqBpB3draOWUvYf0A-80A7Guvq8uL-ds1EznWnknHmOPWbzPjEQXaO1pZwVUT7bsyEOryNYn191syNkmWNVPAcQrid6nAR6sywhnHDOnhmOn1b1n9DYPjmLPjT3P1mYnH9LrTDKPjczn1TQPWbvrHcYPjDKPWTknjTkTHmknjTknTDLnjD1PTDQnWT1THDdrjbOrjNdn1cdP1bKPE7AEzdkmzd_pgPYUARhITDQTHDKTiYQTEDzPjbQnHNzrHNznWbOPWTKnTDQnHczrjCznjTkg1nknjTKnEDvuhwBuWbzuadhnA76sHEOPHnVmhnQnad-uHEYPyDOnjnQmWmKnHcvnW9dPHNdnHELPjczPHDdn9DQnWmzrjNdPHNQPjc3nj0dPHckTEDYnW9zTHDKni3kTEDVTEDKpZwY0ZnlszqBpB3draOWUvYfIv78uvGGUh0f0A-80A7Guvq8uL-dsLK8s1Df5vdGUMKzpyP-5HcknjKxn1TknTDKrjT8nWn1sWn1sWELTHTKnTDQsWTKnikYnW9zTgVqTHDknjTvTHDknjT3PHDKmvcYrAP6rADVnvnvmiYYnjnOsHbQnvDVnjFWPWDQrH7hrAmvTEDkTEDKnTDKnT78IyQ_TyN1PynQnAEduhPBujRWmHE&tid=cb48ca8a-3c6a-4039-913a-02c61191f8f6&slotid=1000851&productid=10006&bizresource=0&extParam=%7B%22ppgy_stats%22%3A%7B%22pageSource%22%3A%22%22%2C%22resource%22%3A%2258%22%2C%22abVersion%22%3A%22%22%7D%7D
【合租】望京 南湖中园小区 3室次卧,南湖中园小区,https://legoclick.58.com/cpaclick?target=szqBpB3draOWUvYf0A-80A7Guvq8uL-ds1EznWc3nH0Yrj0kPWmvXaO1pZwVUT7bsyEOryNYn191syNkmWNVPAcQrid6nAR6sywhnHDOnhmOn1b1n9DYPjmLPjT3P1mYnH9LrTDKPjcznW9QP1E3P1TvPWmKPWTknjTkTHmknjTknTDLnjD1PTDQnWT1THDdrjbOrjNdn1cdP1bKP97AEzdkmzd_pgPYUARhITDQTHDKTiYQTEDzPjbQnHNzrHNznWbOPWTKnTDQnHczrjCznjTkg1nknjTKnED3Pj7-rjKBmiY1PAcLsHEkn1mVryckriYOmvR6mHNkrjnzn1DKnHcvnW0OnjD3PHDznHc1rHTYnTDQnWmzP1bknH9dnjmzPHD3P19YTEDYnW9zTHDKni3kTEDVTEDKpZwY0ZnlszqBpB3draOWUvYfIv78uvGGUh0f0A-80A7Guvq8uL-dsLK8s1Df5vdGUMKzpyP-5HcknjKxn1TknTDKrjT8nWn1sWn1sWELTHTKnTDQsWTKnikYnW9zTgVqTHDknjTvTHDknjT3PHDKrHD1uWTkuhnVuym1PaYYmH--sHb3mvcVrHbYmhn1ryn3mW--TEDkTEDKnTDKnT78IyQ_TH7-ujNLn1KhuHEzrHEOnAE&tid=913f00fc-ef34-4a9e-98cb-994bc39c8b9e&slotid=1000851&productid=10006&bizresource=0&extParam=%7B%22ppgy_stats%22%3A%7B%22pageSource%22%3A%22%22%2C%22resource%22%3A%2258%22%2C%22abVersion%22%3A%22%22%7D%7D
【合租】望京 南湖中园一区(西 3室次卧,南湖中园一区(西,https://legoclick.58.com/cpaclick?target=szqBpB3draOWUvYf0A-80A7Guvq8uL-ds1EznWcvP1NOrHTvnjNzXaO1pZwVUT7bsyEOryNYn191syNkmWNVPAcQrid6nAR6sywhnHDOnhmOn1b1n9DYPjmLPjT3P1mYnH9LrTDKPjcznWmLPHbOnjmkPHcKPWTknjTkTHmknjTknTDLnjD1PTDQnWT1THDdrjbOrjNdn1cdP1bKPk7AEzdkmzd_pgPYUARhITDQTHDKTiYQTEDzPjbQnHNzrHNznWbOPWTKnTDQnHczrjCznjTkg1nknjTKnEDYP1DLuH-hnBd6njP-sHE1nhDVrjNQPBY3njTknAnkmWIWm19KnHcvnW0Yn19QrH93n1bQn1cQP9DQnWmzP1E1rjDOrjDvrjTYn1NzTEDYnW9zTHDKni3kTEDVTEDKpZwY0ZnlszqBpB3draOWUvYfIv78uvGGUh0f0A-80A7Guvq8uL-dsLK8s1Df5vdGUMKzpyP-5HcknjKxn1TknTDKrjT8nWn1sWn1sWELTHTKnTDQsWTKnikYnW9zTgVqTHDknjTvTHDknjT3PHDKPhEvmyD3nvmVnW0zPiYYPAP-sH9OP1mVmhnknvnQPWnQPj03TEDkTEDKnTDKnT78IyQ_THmLuyuBrAw-uHbLPWEzmWm&tid=6d6aa83f-2725-44ce-8976-bc03c1631478&slotid=1000851&productid=10006&bizresource=0&extParam=%7B%22ppgy_stats%22%3A%7B%22pageSource%22%3A%22%22%2C%22resource%22%3A%2258%22%2C%22abVersion%22%3A%22%22%7D%7D
【合租】望京 南湖中园小区 3室次卧,南湖中园小区,https://legoclick.58.com/cpaclick?target=szqBpB3draOWUvYf0A-80A7Guvq8uL-ds1EznWcdPWnQrjDvn1czXaO1pZwVUT7bsyEOryNYn191syNkmWNVPAcQrid6nAR6sywhnHDOnhmOn1b1n9DYPjmLPjT3P1mYnH9LrTDKPjcznWNvn1D3nHm1nWcKPWTknjTkTHmknjTknTDLnjD1PTDQnWT1THDdrjbOrjNdn1cdP1bKrT7AEzdkmzd_pgPYUARhITDQTHDKTiYQTEDzPjbQnHNzrHNznWbOPWTKnTDQnHczrjCznjTkg1nknjTKnED1m1cLmHKBmzYzm19dsHEdmynVrHbYriYdnvNvmHn1uAPbuyNKnHcvnW0kPW9dPj0zn1NOnWDOn9DQnWmzP1TvrjNYPWmYrj0QrHnvTEDYnW9zTHDKni3kTEDVTEDKpZwY0ZnlszqBpB3draOWUvYfIv78uvGGUh0f0A-80A7Guvq8uL-dsLK8s1Df5vdGUMKzpyP-5HcknjKxn1TknTDKrjT8nWn1sWn1sWELTHTKnTDQsWTKnikYnW9zTgVqTHDknjTvTHDknjT3PHDKnAFhPjDQmynVuAc1nzYYuAnzsy7-nhnVrjD3nhF-rjNLPW01TEDkTEDKnTDKnT78IyQ_THIWuyE3PyF-nWNknvw6uH9&tid=0bf411ac-db33-4dc2-ae2c-8182be857673&slotid=1000851&productid=10006&bizresource=0&extParam=%7B%22ppgy_stats%22%3A%7B%22pageSource%22%3A%22%22%2C%22resource%22%3A%2258%22%2C%22abVersion%22%3A%22%22%7D%7D
【合租】望京 首开知语城 3室次卧,首开知语城,https://legoclick.58.com/cpaclick?target=szqBpB3draOWUvYf0A-80A7Guvq8uL-ds1EznWczn1DknHbzrHDOXaO1pZwVUT7bsyEOryNYn191syNkmWNVPAcQrid6nAR6sywhnHDOnhmOn1b1n9DYPjmLPjT3P1mYnH9LrTDKPjcznWc1nHTQrHcOnHbKPWTknjTkTHmknjTknTDLnjD1PTDQnWT1THDdrjbOrjNdn1cdP1bKrE7AEzdkmzd_pgPYUARhITDQTHDKTiYQTEDzPjbQnHNzrHNznWbOPWTKnTDQnHczrjCznjTkg1nknjTKnEDznyDQPhu-uaYYPAczsHw6nW0Vrj9vraYknjKWP1wBrAFBrHTKnHcvnWNOrjTQnHEOnjEznW03PTDQnWmzPHb3njDQPjcLPHT3nWcYTEDYnW9zTHDKni3kTEDVTEDKpZwY0ZnlszqBpB3draOWUvYfIv78uvGGUh0f0A-80A7Guvq8uL-dsLK8s1Df5vdGUMKzpyP-5HcknjKxn1TknTDKrjT8nWn1sWn1sWELTHTKnTDQsWTKnikYnW9zTgVqTHDknjTvTHDknjT3PHDKnhPWmHNvPjEVuHDkPiYYuWEdsy76uj9VPj0YrADzrjn3rHTdTEDkTEDKnTDKnT78IyQ_THNLm1wbnyDzuhcLrycOmHN&tid=2cca5644-e105-4f45-aad8-4748a2838905&slotid=1000851&productid=10006&bizresource=0&extParam=%7B%22ppgy_stats%22%3A%7B%22pageSource%22%3A%22%22%2C%22resource%22%3A%2258%22%2C%22abVersion%22%3A%22%22%7D%7D
【合租】望京 望京花园东区 3室次卧,望京花园东区,https://legoclick.58.com/cpaclick?target=szqBpB3draOWUvYf0A-80A7Guvq8uL-ds1EznWcYP1Tvn19QrjnQXaO1pZwVUT7bsyEOryNYn191syNkmWNVPAcQrid6nAR6sywhnHDOnhmOn1b1n9DYPjmLPjT3P1mYnH9LrTDKPjcznWELnjm1rjD3n1DKPWTknjTkTHmknjTknTDLnjD1PTDQnWT1THDdrjbOrjNdn1cdP1bKnHTKwbnV0AnVUA-1IAQ-uMEKnEDQTEDVnEDKnWEOnHDdnWbdnWcOrHmkTHTKnHDznW9lnWTkn7t1njTkTHDKn1PBujb1rjnVnymdraYYnWEYsyDLmvcVPjR-PjnOnycLuH91THDzPWcvP1mdnWbLnHcLn1Eznj9KnHcvnWmLPWNzrHmYrH9QrHmYrTDKPjc3n9DQTHD8nTDKsEDKTy6YIZK1rBtfmhC8PH98mvqVsLI6UhIJpyOMsLKGUMK6pyIfUhIOIiqkUBtQs1qVpyOk0h-WuHYznjTkg1nknjTKTH9ksWc1nz31nz3YPkDkTHTKni3kTHD_Pjc3n97exEDQnjTkP9DQnjTkrjNQTyubPjF-rHNQsycLuH0VPAckuiYOP1nLsHD3PvcduWmLnAEvuTDKnTDKTHTKTHTKUMR_UTDzrHbknj0zPAEOnWIhmhuW&tid=fd42e951-b7e7-4b0e-9737-187b5f670d6d&slotid=1000851&productid=10006&bizresource=0&extParam=%7B%22ppgy_stats%22%3A%7B%22pageSource%22%3A%22%22%2C%22resource%22%3A%2258%22%2C%22abVersion%22%3A%22%22%7D%7D
【合租】望京 南湖中园小区 3室次卧,南湖中园小区,https://legoclick.58.com/cpaclick?target=szqBpB3draOWUvYf0A-80A7Guvq8uL-ds1EznWnkPH01nHDYnHEkXaO1pZwVUT7bsyEOryNYn191syNkmWNVPAcQrid6nAR6sywhnHDOnhmOn1b1n9DYPjmLPjT3P1mYnH9LrTDKPjczn1TdP1nQnHEQPjTKPWTknjTkTHmknjTknTDLnjD1PTDQnWT1THDdrjbOrjNdn1cdP1bKnHDKwbnV0AnVUA-1IAQ-uMEKnEDQTEDVnEDKnWEOnHDdnWbdnWcOrHmkTHTKnHDznW9lnWTkn7t1njTkTHDKn1c1n1m3n1nVnWndmiYYmhmLsH9LmH9VmvNdmWnYnhN1PycvTHDzPWc3PW9LP1T3nWbOnjD3nWEKnHcvnW9vrj0Lnj0LnHD3nHNvrTDKPjc3n9DQTHD8nTDKsEDKTy6YIZK1rBtfmhC8PH98mvqVsLI6UhIJpyOMsLKGUMK6pyIfUhIOIiqkUBtQs1qVpyOk0h-WuHYznjTkg1nknjTKTH9ksWc1nz31nz3YPkDkTHTKni3kTHD_Pjc3n97exEDQnjTkP9DQnjTkrjNQTH9zmhn1PvFWsy7WnyDVPjKWuBY3ujR-sHEzPWbYPWEOnj0LPkDKnTDKTHTKTHTKUMR_UT7hnyPWPWTOmHw-nWFbPhRW&tid=82bc37bc-ac1a-40cf-8d5e-426946490777&slotid=1000851&productid=10006&bizresource=0&extParam=%7B%22ppgy_stats%22%3A%7B%22pageSource%22%3A%22%22%2C%22resource%22%3A%2258%22%2C%22abVersion%22%3A%22%22%7D%7D
【合租】望京 南湖中园小区 3室次卧,南湖中园小区,https://legoclick.58.com/cpaclick?target=szqBpB3draOWUvYf0A-80A7Guvq8uL-ds1EznWcLrjELnH0vnj0vXaO1pZwVUT7bsyEOryNYn191syNkmWNVPAcQrid6nAR6sywhnHDOnhmOn1b1n9DYPjmLPjT3P1mYnH9LrTDKPjcznW03Pj0QP1mkP1mKPWTknjTkTHmknjTknTDLnjD1PTDQnWT1THDdrjbOrjNdn1cdP1bKnHcKwbnV0AnVUA-1IAQ-uMEKnEDQTEDVnEDKnWEOnHDdnWbdnWcOrHmkTHTKnHDznW9lnWTkn7t1njTkTHDKPjw-n1nLn10Vrjw6nzYYPvwBsH6hnhcVrHFBPhNvmW6hrHm1THDzPWcLP1bYPj01nH0QnHTLrjEKnHcvnW0LrHEYP1cdrjnOnjNzrEDKPjc3n9DQTHD8nTDKsEDKTy6YIZK1rBtfmhC8PH98mvqVsLI6UhIJpyOMsLKGUMK6pyIfUhIOIiqkUBtQs1qVpyOk0h-WuHYznjTkg1nknjTKTH9ksWc1nz31nz3YPkDkTHTKni3kTHD_Pjc3n97exEDQnjTkP9DQnjTkrjNQTH9zuWIbuHu6syFWrjEVPAu6mzd6nW6WsyN3PW7brjEdPHTzrTDKnTDKTHTKTHTKUMR_UT7BnH0dPW6-nAPBuWnQn1nO&tid=82f7de6a-bc84-4fac-a28c-e861d8455028&slotid=1000851&productid=10006&bizresource=0&extParam=%7B%22ppgy_stats%22%3A%7B%22pageSource%22%3A%22%22%2C%22resource%22%3A%2258%22%2C%22abVersion%22%3A%22%22%7D%7D
【合租】望京 世安家园 3室次卧,世安家园,https://legoclick.58.com/cpaclick?target=szqBpB3draOWUvYf0A-80A7Guvq8uL-ds1EznWnkPjDzPj0LP1DvXaO1pZwVUT7bsyEOryNYn191syNkmWNVPAcQrid6nAR6sywhnHDOnhmOn1b1n9DYPjmLPjT3P1mYnH9LrTDKPjczn1TYnHcYP10LnHmKPWTknjTkTHmknjTknTDLnjD1PTDQnWT1THDdrjbOrjNdn1cdP1bKnHnKwbnV0AnVUA-1IAQ-uMEKnEDQTEDVnEDKnWEOnHDdnWbdnWcOrHmkTHTKnHDznW9lnWTkn7t1njTkTHDKPjnvn191PhmVPW0dmiYYuhwWsyDLm1cVnjbLuAnvnHEYnymLTHDzPWc3PWndnjmOPHnznW9zrj9KnHcvnW9vn1NkPW9OnjnQn10zrTDKPjc3n9DQTHD8nTDKsEDKTy6YIZK1rBtfmhC8PH98mvqVsLI6UhIJpyOMsLKGUMK6pyIfUhIOIiqkUBtQs1qVpyOk0h-WuHYznjTkg1nknjTKTH9ksWc1nz31nz3YPkDkTHTKni3kTHD_Pjc3n97exEDQnjTkP9DQnjTkrjNQTH7-uAmQuHNksyP-PjcVPjubuidBn1bLsHmLnA7hnjFBPjnOmEDKnTDKTHTKTHTKUMR_UT7-uAP6myDQujcQrHDvmH-h&tid=1edf1e50-ce42-46de-b397-670af02b439a&slotid=1000851&productid=10006&bizresource=0&extParam=%7B%22ppgy_stats%22%3A%7B%22pageSource%22%3A%22%22%2C%22resource%22%3A%2258%22%2C%22abVersion%22%3A%22%22%7D%7D
【合租】望京 南湖中园一区(西 3室次卧,南湖中园一区(西,https://legoclick.58.com/cpaclick?target=szqBpB3draOWUvYf0A-80A7Guvq8uL-ds1EznWnznHb3PHD3PHnzXaO1pZwVUT7bsyEOryNYn191syNkmWNVPAcQrid6nAR6sywhnHDOnhmOn1b1n9DYPjmLPjT3P1mYnH9LrTDKPjczn1cQrH9dnH9dn1cKPWTknjTkTHmknjTknTDLnjD1PTDQnWT1THDdrjbOrjNdn1cdP1bKnHEKwbnV0AnVUA-1IAQ-uMEKnEDQTEDVnEDKnWEOnHDdnWbdnWcOrHmkTHTKnHDznW9lnWTkn7t1njTkTHDKPW6-mHbQPjDVnWT3uiYYPjnvsyFBuj9VmHnYnjmkPyEkPjNzTHDzPWcOnWckn1cdPHNLP1nOPHcKnHcvnWbznWT1nWELnH9LPHN3PTDKPjc3n9DQTHD8nTDKsEDKTy6YIZK1rBtfmhC8PH98mvqVsLI6UhIJpyOMsLKGUMK6pyIfUhIOIiqkUBtQs1qVpyOk0h-WuHYznjTkg1nknjTKTH9ksWc1nz31nz3YPkDkTHTKni3kTHD_Pjc3n97exEDQnjTkP9DQnjTkrjNQTycLrAmzrjmOsHmOrAEVPjP-uBY3P1R6syN1uhnLuj0znjnQu9DKnTDKTHTKTHTKUMR_UTD1ujm3PADdnAmYujuBPhn1&tid=b78f2869-698d-43ef-875a-e3fc7d72031f&slotid=1000851&productid=10006&bizresource=0&extParam=%7B%22ppgy_stats%22%3A%7B%22pageSource%22%3A%22%22%2C%22resource%22%3A%2258%22%2C%22abVersion%22%3A%22%22%7D%7D
【合租】望京 南湖中园一区(西 3室次卧,南湖中园一区(西,https://legoclick.58.com/cpaclick?target=szqBpB3draOWUvYf0A-80A7Guvq8uL-ds1EznWcvP1mQP1m3PWDvXaO1pZwVUT7bsyEOryNYn191syNkmWNVPAcQrid6nAR6sywhnHDOnhmOn1b1n9DYPjmLPjT3P1mYnH9LrTDKPjcznWmLPWDLPW9vnHmKPWTknjTkTHmknjTknTDLnjD1PTDQnWT1THDdrjbOrjNdn1cdP1bKnHNKwbnV0AnVUA-1IAQ-uMEKnEDQTEDVnEDKnWEOnHDdnWbdnWcOrHmkTHTKnHDznW9lnWTkn7t1njTkTHDKrAN3PvwWPH0VPvEYnBYYm1mQsyFhryDVPADzn1bzuH03P1IbTHDzPWcLPjn3rjT3njDOrHm3njTKnHcvnW0Yn193nj01Pj93P1b1P9DKPjc3n9DQTHD8nTDKsEDKTy6YIZK1rBtfmhC8PH98mvqVsLI6UhIJpyOMsLKGUMK6pyIfUhIOIiqkUBtQs1qVpyOk0h-WuHYznjTkg1nknjTKTH9ksWc1nz31nz3YPkDkTHTKni3kTHD_Pjc3n97exEDQnjTkP9DQnjTkrjNQTH6hrjmvPhuWsHb3nWnVPjFBnid6nvn1syE1nhcdPHbQPjTkrTDKnTDKTHTKTHTKUMR_UTDOP1bdPWDYPWnQmHDLP1nv&tid=8f8666fc-9823-42b1-a3c3-d32b55914008&slotid=1000851&productid=10006&bizresource=0&extParam=%7B%22ppgy_stats%22%3A%7B%22pageSource%22%3A%22%22%2C%22resource%22%3A%2258%22%2C%22abVersion%22%3A%22%22%7D%7D
【合租】望京 望京西园四区 4室次卧,望京西园四区,https://legoclick.58.com/cpaclick?target=szqBpB3draOWUvYf0A-80A7Guvq8uL-ds1EznWc3PjnOnWTvPHmdXaO1pZwVUT7bsyEOryNYn191syNkmWNVPAcQrid6nAR6sywhnHDOnhmOn1b1n9DYPjmLPjT3P1mYnH9LrTDKPjcznW9Yn1bznjmdPWNKPWTknjTkTHmknjTknTDLnjD1PTDQnWT1THDdrjbOrjNdn1cdrjTKnHmKwbnV0AnVUA-1IAQ-uMEKnEDQTEDVnEDKnWEOnHDdnWbdnWcOrHmkTHTKnHDznW9lnWTkn7t1njTkTHDKnhDdnjuhmhNVmHTznaYYrHTksH9YPvEVujbQmHnYnH-hPAmYTHDzPWcLrH93Pj0knWN3rHn1P10KnHcvnW0Orj9YPWbvP1DLn1DznTDKPjc3n9DQTHD8nTDKsEDKTy6YIZK1rBtfmhC8PH98mvqVsLI6UhIJpyOMsLKGUMK6pyIfUhIOIiqkUBtQs1qVpyOk0h-WuHYznjTkg1nknjTKTH9ksWc1nz31nz3YPkDkTHTKni3kTHD_Pjc3n97exEDQnjTkP9DQnjTkrjNQTyRhuWbLnWRWsyR-PjbVPjT3nzYOnyw6sHDOn1mkujI-nyF6uTDKnTDKTHTKTHTKUMR_UTD1mW91PjmOrHIhPvR6PhmO&tid=eff9725c-ee49-4083-91da-19360d7e1bad&slotid=1000851&productid=10006&bizresource=0&extParam=%7B%22ppgy_stats%22%3A%7B%22pageSource%22%3A%22%22%2C%22resource%22%3A%2258%22%2C%22abVersion%22%3A%22%22%7D%7D
【合租】望京 慧谷金色家园(一 5室主卧,慧谷金色家园(一,https://legoclick.58.com/cpaclick?target=szqBpB3draOWUvYf0A-80A7Guvq8uL-ds1EznWcYPHmLPHE1rHnOXaO1pZwVUT7bsyEOryNYn191syNkmWNVPAcQrid6nAR6sywhnHDOnhmOn1b1n9DYPjmLPjT3P1mYnH9LrTDKPjcznWEdPW0dPjnOn1bKPWTknjTkTHmknjTknTDLnjD1PTDQnWT1THDdrjbOrjNdn1cdrjTKnH0KwbnV0AnVUA-1IAQ-uMEKnEDQTEDVnEDKnWEOnHDdnWbdnWcOrHmkTHTKnHDznW9lnWTkn7t1njTkTHDKnHRWrHK-mhEVmyFhraYYmWKbsH9LnHNVmHPbuywbmHuhuHwWTHDzPWcvP1DOrjTzn1NkP1DYrj9KnHcvnWmLnHb3njDLnWDdPWbzrTDKPjc3n9DQTHD8nTDKsEDKTy6YIZK1rBtfmhC8PH98mvqVsLI6UhIJpyOMsLKGUMK6pyIfUhIOIiqkUBtQs1qVpyOk0h-WuHYznjTkg1nknjTKTH9ksWc1nz31nz3YPkDkTHTKni3kTHD_Pjc3n97exEDQnjTkP9DQnjTkrjNQTHnOnHwbnjN1sHRhn1EVPj9zuBd6PWPbsHuWuynkmHEzujNQu9DKnTDKTHTKTHTKUMR_UT7WmyRWujEQnynvnHTQnHDY&tid=3914d053-5f34-482f-a63d-6cec0a42d51f&slotid=1000851&productid=10006&bizresource=0&extParam=%7B%22ppgy_stats%22%3A%7B%22pageSource%22%3A%22%22%2C%22resource%22%3A%2258%22%2C%22abVersion%22%3A%22%22%7D%7D
【合租】望京 南湖中园小区 3室次卧,南湖中园小区,https://legoclick.58.com/cpaclick?target=szqBpB3draOWUvYf0A-80A7Guvq8uL-ds1EznWcLP1mQPjmQnW9dXaO1pZwVUT7bsyEOryNYn191syNkmWNVPAcQrid6nAR6sywhnHDOnhmOn1b1n9DYPjmLPjT3P1mYnH9LrTDKPjcznW0LPWDYPWDzrjNKPWTknjTkTHmknjTknTDLnjD1PTDQnWT1THDdrjbOrjNdn1cdrjTKnH9KwbnV0AnVUA-1IAQ-uMEKnEDQTEDVnEDKnWEOnHDdnWbdnWcOrHmkTHTKnHDznW9lnWTkn7t1njTkTHDKuWuWuH-BrHNVujNYPiYYP19QsH9Qm1DVPWbYmHbzP1m1PjE1THDzPWcLP1mvn19dnH0dPHDQnjEKnHcvnW0LPWm1rjELPHmznjndn9DKPjc3n9DQTHD8nTDKsEDKTy6YIZK1rBtfmhC8PH98mvqVsLI6UhIJpyOMsLKGUMK6pyIfUhIOIiqkUBtQs1qVpyOk0h-WuHYznjTkg1nknjTKTH9ksWc1nz31nz3YPkDkTHTKni3kTHD_Pjc3n97exEDQnjTkP9DQnjTkrjNQTHm1n1PWmWDzsHuBuAcVPj9LnaYOuhPbsyFBPH9dryu-mHw6nEDKnTDKTHTKTHTKUMR_UTDkuHc3m1EdrycLPHRbmyNO&tid=6333cb12-6bdb-4870-9fcd-bb5859fea4a1&slotid=1000851&productid=10006&bizresource=0&extParam=%7B%22ppgy_stats%22%3A%7B%22pageSource%22%3A%22%22%2C%22resource%22%3A%2258%22%2C%22abVersion%22%3A%22%22%7D%7D
【合租】望京 南湖中园小区 3室次卧,南湖中园小区,https://legoclick.58.com/cpaclick?target=szqBpB3draOWUvYf0A-80A7Guvq8uL-ds1EznWcLnWEkrHDYn1cLXaO1pZwVUT7bsyEOryNYn191syNkmWNVPAcQrid6nAR6sywhnHDOnhmOn1b1n9DYPjmLPjT3P1mYnH9LrTDKPjcznW0zPjTOnHE1nW0KPWTknjTkTHmknjTknTDLnjD1PTDQnWT1THDdrjbOrjNdn1cdrjTKnHbKwbnV0AnVUA-1IAQ-uMEKnEDQTEDVnEDKnWEOnHDdnWbdnWcOrHmkTHTKnHDznW9lnWTkn7t1njTkTHDKuAD1uHcdPHNVnjT1miYYPjm1sycdnAEVnARBrHRBuynYnAmLTHDzPWcLPHbdrjDvP1b3rjm1n1mKnHcvnW0drHN3nHN3n1EzrHm1n9DKPjc3n9DQTHD8nTDKsEDKTy6YIZK1rBtfmhC8PH98mvqVsLI6UhIJpyOMsLKGUMK6pyIfUhIOIiqkUBtQs1qVpyOk0h-WuHYznjTkg1nknjTKTH9ksWc1nz31nz3YPkDkTHTKni3kTHD_Pjc3n97exEDQnjTkP9DQnjTkrjNQTH6hmH6hPHDYsHNLrHEVPAczmiY3PhRbsyDOuWFbPWwBmHc1mEDKnTDKTHTKTHTKUMR_UTD3rjKhuj6WnvnkPAcdmvP-&tid=8fa8f514-5794-4b2a-86ed-a9f2d64ba23a&slotid=1000851&productid=10006&bizresource=0&extParam=%7B%22ppgy_stats%22%3A%7B%22pageSource%22%3A%22%22%2C%22resource%22%3A%2258%22%2C%22abVersion%22%3A%22%22%7D%7D
【合租】望京 世安家园 3室次卧,世安家园,https://legoclick.58.com/cpaclick?target=szqBpB3draOWUvYf0A-80A7Guvq8uL-ds1EznWcYPWTzP1mLnWE3XaO1pZwVUT7bsyEOryNYn191syNkmWNVPAcQrid6nAR6sywhnHDOnhmOn1b1n9DYPjmLPjT3P1mYnH9LrTDKPjcznWEvnjcLPW0zPj9KPWTknjTkTHmknjTknTDLnjD1PTDQnWT1THDdrjbOrjNdn1cdrjTKnWTKwbnV0AnVUA-1IAQ-uMEKnEDQTEDVnEDKnWEOnHDdnWbdnWcOrHmkTHTKnHDznW9lnWTkn7t1njTkTHDKPH6BuWN1nhEVmhn3uBYYuHEYsH9krHnVnW0Onj6WPjw6uWuhTHDzPWcvP1nQn1EdnHDLn193rjTKnHcvnWmLn1D1PjEdn1TQrjmzPTDKPjc3n9DQTHD8nTDKsEDKTy6YIZK1rBtfmhC8PH98mvqVsLI6UhIJpyOMsLKGUMK6pyIfUhIOIiqkUBtQs1qVpyOk0h-WuHYznjTkg1nknjTKTH9ksWc1nz31nz3YPkDkTHTKni3kTHD_Pjc3n97exEDQnjTkP9DQnjTkrjNQTHP-uH0YuHm1sym1uyEVPjDQraYOPvPbsywhPHmOmW6-rHKBPTDKnTDKTHTKTHTKUMR_UTDdrjTdryRBm1K6PvuBPhcz&tid=3ee74e63-f3ed-4118-97cd-df569b8e90b4&slotid=1000851&productid=10006&bizresource=0&extParam=%7B%22ppgy_stats%22%3A%7B%22pageSource%22%3A%22%22%2C%22resource%22%3A%2258%22%2C%22abVersion%22%3A%22%22%7D%7D
【合租】望京 南湖中园一区(西 3室次卧,南湖中园一区(西,https://legoclick.58.com/cpaclick?target=szqBpB3draOWUvYf0A-80A7Guvq8uL-ds1EznWcvn1nLrjDQPWT3XaO1pZwVUT7bsyEOryNYn191syNkmWNVPAcQrid6nAR6sywhnHDOnhmOn1b1n9DYPjmLPjT3P1mYnH9LrTDKPjcznWm1n103nHDvnj9KPWTknjTkTHmknjTknTDLnjD1PTDQnWT1THDdrjbOrjNdn1cdrjTKnWDKwbnV0AnVUA-1IAQ-uMEKnEDQTEDVnEDKnWEOnHDdnWbdnWcOrHmkTHTKnHDznW9lnWTkn7t1njTkTHDKmywbmHn3PymVnWNLuBYYnWm3sH--mHbVm1w6ujcQnjDznhu6THDzPWcLnWbOrj9YPjT3PH9vnWEKnHcvnW0zrHb3rjcLP1c3nj0vrTDKPjc3n9DQTHD8nTDKsEDKTy6YIZK1rBtfmhC8PH98mvqVsLI6UhIJpyOMsLKGUMK6pyIfUhIOIiqkUBtQs1qVpyOk0h-WuHYznjTkg1nknjTKTH9ksWc1nz31nz3YPkDkTHTKni3kTHD_Pjc3n97exEDQnjTkP9DQnjTkrjNQTHcOmh7Bm1EzsHTdPHnVPjEzuadBPARWsH9QPHPbmWcOuWnLnEDKnTDKTHTKTHTKUMR_UTDLrjcvuhm1mW9LnhnkP1KW&tid=29babc42-0553-442d-b4ec-8153db29f371&slotid=1000851&productid=10006&bizresource=0&extParam=%7B%22ppgy_stats%22%3A%7B%22pageSource%22%3A%22%22%2C%22resource%22%3A%2258%22%2C%22abVersion%22%3A%22%22%7D%7D
【合租】望京 南湖中园小区 3室次卧,南湖中园小区,https://legoclick.58.com/cpaclick?target=szqBpB3draOWUvYf0A-80A7Guvq8uL-ds1EznWnkPHbdPH9dPHEdXaO1pZwVUT7bsyEOryNYn191syNkmWNVPAcQrid6nAR6sywhnHDOnhmOn1b1n9DYPjmLPjT3P1mYnH9LrTDKPjczn1TdrHNdrjNdPjNKPWTknjTkTHmknjTknTDLnjD1PTDQnWT1THDdrjbOrjNdn1cdrjTKnWcKwbnV0AnVUA-1IAQ-uMEKnEDQTEDVnEDKnWEOnHDdnWbdnWcOrHmkTHTKnHDznW9lnWTkn7t1njTkTHDKmhw6PWnQmHmVuW76nzYYm16BsyF-mhcVmvn1rHEkPWFWPycYTHDzPWc3PWbdnj01P1TvPHNLPjNKnHcvnW9vrHNkP1nkn1NdrHDvrTDKPjc3n9DQTHD8nTDKsEDKTy6YIZK1rBtfmhC8PH98mvqVsLI6UhIJpyOMsLKGUMK6pyIfUhIOIiqkUBtQs1qVpyOk0h-WuHYznjTkg1nknjTKTH9ksWc1nz31nz3YPkDkTHTKni3kTHD_Pjc3n97exEDQnjTkP9DQnjTkrjNQTHcvPvn1PWKbsHuWuAmVPjRBnid6nyFWsHubuW7BPHT1n1nku9DKnTDKTHTKTHTKUMR_UTDvnynOm1uWrHcQmHDYm1EQ&tid=267c360d-6cdf-45b1-a1bc-6df1b503330f&slotid=1000851&productid=10006&bizresource=0&extParam=%7B%22ppgy_stats%22%3A%7B%22pageSource%22%3A%22%22%2C%22resource%22%3A%2258%22%2C%22abVersion%22%3A%22%22%7D%7D
【合租】望京 望京花园东区 3室次卧,望京花园东区,https://legoclick.58.com/cpaclick?target=szqBpB3draOWUvYf0A-80A7Guvq8uL-ds1EznWcdPHEzrjNYPHEkXaO1pZwVUT7bsyEOryNYn191syNkmWNVPAcQrid6nAR6sywhnHDOnhmOn1b1n9DYPjmLPjT3P1mYnH9LrTDKPjcznWNdPjc3PHEdPjTKPWTknjTkTHmknjTknTDLnjD1PTDQnWT1THDdrjbOrjNdn1cdrjTKnWnKwbnV0AnVUA-1IAQ-uMEKnEDQTEDVnEDKnWEOnHDdnWbdnWcOrHmkTHTKnHDznW9lnWTkn7t1njTkTHDKm1EvPycLnvNVPj9YnBYYnHwhsyF-mHEVrjRhuHu6nH9OnyDzTHDzPWcLnjnOn1b1nH0Ynj0LPjNKnHcvnW0kn1b1rHcvnW93nH0On9DKPjc3n9DQTHD8nTDKsEDKTy6YIZK1rBtfmhC8PH98mvqVsLI6UhIJpyOMsLKGUMK6pyIfUhIOIiqkUBtQs1qVpyOk0h-WuHYznjTkg1nknjTKTH9ksWc1nz31nz3YPkDkTHTKni3kTHD_Pjc3n97exEDQnjTkP9DQnjTkrjNQTH6BP1DOnjcQsH0kPvmVPjubPiYOmWEOsyDOmHbzuhnvPHbkuTDKnTDKTHTKTHTKUMR_UTDvnyNvuhNkrADLnymdrH7b&tid=8b719021-707f-46d5-9b49-a9a92fc6590d&slotid=1000851&productid=10006&bizresource=0&extParam=%7B%22ppgy_stats%22%3A%7B%22pageSource%22%3A%22%22%2C%22resource%22%3A%2258%22%2C%22abVersion%22%3A%22%22%7D%7D
【合租】望京 南湖中园一区(西 3室次卧,南湖中园一区(西,https://legoclick.58.com/cpaclick?target=szqBpB3draOWUvYf0A-80A7Guvq8uL-ds1EznWnznWTOPH0krjEOXaO1pZwVUT7bsyEOryNYn191syNkmWNVPAcQrid6nAR6sywhnHDOnhmOn1b1n9DYPjmLPjT3P1mYnH9LrTDKPjczn1cznjbdP1T3PjbKPWTknjTkTHmknjTknTDLnjD1PTDQnWT1THDdrjbOrjNdn1cdrjTKnWEKwbnV0AnVUA-1IAQ-uMEKnEDQTEDVnEDKnWEOnHDdnWbdnWcOrHmkTHTKnHDznW9lnWTkn7t1njTkTHDKrjb1Pj7WuWDVm1EQraYYm1NQsHb1m1cVuj93uhP6PymOuARhTHDzPWcOnWc1rHE1n1DzPH93rjTKnHcvnWbznWnOPjc3PHD1n19zPTDKPjc3n9DQTHD8nTDKsEDKTy6YIZK1rBtfmhC8PH98mvqVsLI6UhIJpyOMsLKGUMK6pyIfUhIOIiqkUBtQs1qVpyOk0h-WuHYznjTkg1nknjTKTH9ksWc1nz31nz3YPkDkTHTKni3kTHD_Pjc3n97exEDQnjTkP9DQnjTkrjNQTH-BPj0dmhmYsyF6nWDVPARbmBYOPvm1sH0zPHNOmWw-nj9YPEDKnTDKTHTKTHTKUMR_UTDvPv7bnjE3nvRBmH76uHNQ&tid=9b475bf4-ba21-4edb-97f3-72559b4e0845&slotid=1000851&productid=10006&bizresource=0&extParam=%7B%22ppgy_stats%22%3A%7B%22pageSource%22%3A%22%22%2C%22resource%22%3A%2258%22%2C%22abVersion%22%3A%22%22%7D%7D
【合租】望京 望京西园四区 4室次卧,望京西园四区,https://legoclick.58.com/cpaclick?target=szqBpB3draOWUvYf0A-80A7Guvq8uL-ds1EznWcOPWEOnjcOnjT1XaO1pZwVUT7bsyEOryNYn191syNkmWNVPAcQrid6nAR6sywhnHDOnhmOn1b1n9DYPjmLPjT3P1mYnH9LrTDKPjcznWbvPjbknWbknjnKPWTknjTkTHmknjTknTDLnjD1PTDQnWT1THDdrjbOrjNdn1cdrjTKnWNKwbnV0AnVUA-1IAQ-uMEKnEDQTEDVnEDKnWEOnHDdnWbdnWcOrHmkTHTKnHDznW9lnWTkn7t1njTkTHDKPAcvPvD1uycVnHR-naYYrA7hsyDdnjcVuHTLn1nkrynknjD1THDzPWc3n19YrHTYPW0YnjbOnWTKnHcvnW91rjEOnjnOPWDQrHTYnTDKPjc3n9DQTHD8nTDKsEDKTy6YIZK1rBtfmhC8PH98mvqVsLI6UhIJpyOMsLKGUMK6pyIfUhIOIiqkUBtQs1qVpyOk0h-WuHYznjTkg1nknjTKTH9ksWc1nz31nz3YPkDkTHTKni3kTHD_Pjc3n97exEDQnjTkP9DQnjTkrjNQTHNQuAcvP1TvsymznWcVPAN1mBYOnjPbsywBmHNkPhcvrA7WrEDKnTDKTHTKTHTKUMR_UT76nW0LrAEOP1m3rywbrjcz&tid=51db6706-f222-4e3b-903d-dba506b68ac9&slotid=1000851&productid=10006&bizresource=0&extParam=%7B%22ppgy_stats%22%3A%7B%22pageSource%22%3A%22%22%2C%22resource%22%3A%2258%22%2C%22abVersion%22%3A%22%22%7D%7D
【合租】望京 南湖中园小区 3室次卧,南湖中园小区,https://legoclick.58.com/cpaclick?target=szqBpB3draOWUvYf0A-80A7Guvq8uL-ds1EznWcvnH0YP19QPH91XaO1pZwVUT7bsyEOryNYn191syNkmWNVPAcQrid6nAR6sywhnHDOnhmOn1b1n9DYPjmLPjT3P1mYnH9LrTDKPjcznWmQP1ELrjDdrjnKPWTknjTkTHmknjTknTDLnjD1PTDQnWT1THDdrjbOrjNdn1cdrjTKnWmKwbnV0AnVUA-1IAQ-uMEKnEDQTEDVnEDKnWEOnHDdnWbdnWcOrHmkTHTKnHDznW9lnWTkn7t1njTkTHDKuHDkPjNLuj0VnvN1uiYYuHIBsyDvPHEVnvu6nhNzmHw6PAcYTHDzPWcLnWEvPjmQPHDvP1D3nj9KnHcvnW0zPjmYPWT3PjNdnjmdP9DKPjc3n9DQTHD8nTDKsEDKTy6YIZK1rBtfmhC8PH98mvqVsLI6UhIJpyOMsLKGUMK6pyIfUhIOIiqkUBtQs1qVpyOk0h-WuHYznjTkg1nknjTKTH9ksWc1nz31nz3YPkDkTHTKni3kTHD_Pjc3n97exEDQnjTkP9DQnjTkrjNQTH0vrAN3uhNQsyw-mhnVPjNkuaYOnyN3sH03mHbzmhmzmvNzPTDKnTDKTHTKTHTKUMR_UTDdn1IWP1FbmhNQPj6BujE3&tid=768e8fe1-debc-450d-91e8-78a92bf2ce24&slotid=1000851&productid=10006&bizresource=0&extParam=%7B%22ppgy_stats%22%3A%7B%22pageSource%22%3A%22%22%2C%22resource%22%3A%2258%22%2C%22abVersion%22%3A%22%22%7D%7D
【合租】望京 南湖中园小区 3室次卧,南湖中园小区,https://legoclick.58.com/cpaclick?target=szqBpB3draOWUvYf0A-80A7Guvq8uL-ds1EznWn1rH03PjEdrHNYXaO1pZwVUT7bsyEOryNYn191syNkmWNVPAcQrid6nAR6sywhnHDOnhmOn1b1n9DYPjmLPjT3P1mYnH9LrTDKPjczn1nOP19YPjNOPHEKPWTknjTkTHmknjTknTDLnjD1PTDQnWT1THDdrjbOrjNdn1cdrjTKnW0KwbnV0AnVUA-1IAQ-uMEKnEDQTEDVnEDKnWEOnHDdnWbdnWcOrHmkTHTKnHDznW9lnWTkn7t1njTkTHDKP1mOuH6hrjEVnjEOPaYYrHFBsyD3P1bVPjP6nvn3mW-hnjcLTHDzPWcOrjT1PHmLrjbLP1czrj9KnHcvnWb3njndPW01nHTdnWT1n9DKPjc3n9DQTHD8nTDKsEDKTy6YIZK1rBtfmhC8PH98mvqVsLI6UhIJpyOMsLKGUMK6pyIfUhIOIiqkUBtQs1qVpyOk0h-WuHYznjTkg1nknjTKTH9ksWc1nz31nz3YPkDkTHTKni3kTHD_Pjc3n97exEDQnjTkP9DQnjTkrjNQTH9YuH0vP1ubsHRWnAEVPjw-uid6ryPhsyRWnHF6ryPBuAN3uEDKnTDKTHTKTHTKUMR_UT76nHbOPhEzuhDvnjbOPWIb&tid=84e7676d-5c0d-44ee-a9cf-ec12a9cbde8e&slotid=1000851&productid=10006&bizresource=0&extParam=%7B%22ppgy_stats%22%3A%7B%22pageSource%22%3A%22%22%2C%22resource%22%3A%2258%22%2C%22abVersion%22%3A%22%22%7D%7D
【合租】望京 望京西园二区 5室主卧,望京西园二区,https://legoclick.58.com/cpaclick?target=szqBpB3draOWUvYf0A-80A7Guvq8uL-ds1nOP1TzrHNOrjTkP1czXaO1pZwVUT7bsyEOryNYn191syNkmWNVPAcQrid6nAR6sywhnHDOnhmOn1b1n9DYPjmLPjT3rjDOrjmLrTDKn1bLnjcOPHb3njTLnWcKPWTknjTkTHmknjTknTDLnjD1PTDQnWT1THDdrjbOrjNdn1cdrjTKnW9KwbnV0AnVUA-1IAQ-uMEKnEDQTEDVnEDKnWEOnHDdnHbvnHEQPH9YTHTKnHDznW9lnWTkn7t1njTkTHDKrjckPjNvmvmVnhEdPzYYryFWsH6Bn1TVmHbzPHbQmHcOP1TQTHDQrjTkPjnOn10vP1bvrjndrjEKnHD3njTYn1b1P1mznjbvn1nzrTDKPjc3n9DQTHD8nTDKsEDKTy6YIZK1rBtfmhC8PH98mvqVsLI6UhIJpyOMsLKGUMK6pyIfUhIOIiqkUBtQs1qVpyOk0h-WuHYznjTkg1nknjTKTH9ksWc1nz31nz3YPkDkTHTKni3kTHD_Pjc3n97exEDQnjTkP9DQnjTkrjNQTHELPWKWuyP-syE3PvEVPjnYPzYOPWDzsycQPjwWuAmdrHN3u9DKnTDKTHTKTHTKUMR_UT7WPWRbPHRWuWmQmyczP1md&tid=4760cece-d87d-4347-9612-b144cdf5958f&slotid=1000851&productid=10006&bizresource=0&extParam=%7B%22ppgy_stats%22%3A%7B%22pageSource%22%3A%22%22%2C%22resource%22%3A%2258%22%2C%22abVersion%22%3A%22%22%7D%7D
【合租】望京 望京花园东区 4室次卧,望京花园东区,https://legoclick.58.com/cpaclick?target=szqBpB3draOWUvYf0A-80A7Guvq8uL-ds1EznWcdPjcLPWNdn1DLXaO1pZwVUT7bsyEOryNYn191syNkmWNVPAcQrid6nAR6sywhnHDOnhmOn1b1n9DYPjmLPjT3P1mYnH9LrTDKPjcznWNYnW0vPHN1nH0KPWTknjTkTHmknjTknTDLnjD1PTDQnWT1THDdrjbOrjNdn1cdrjTKnWbKwbnV0AnVUA-1IAQ-uMEKnEDQTEDVnEDKnWEOnHDdnWbdnWcOrHmkTHTKnHDznW9lnWTkn7t1njTkTHDKn1PWuj9QujcVrHKbuiYYuHmksH-hPAcVPjIhuhu6uj0zuyNOTHDzPWcLnjTQPWEYnHEYPHbOnjEKnHcvnW0knjDvPjn1rjbdnjDYPTDKPjc3n9DQTHD8nTDKsEDKTy6YIZK1rBtfmhC8PH98mvqVsLI6UhIJpyOMsLKGUMK6pyIfUhIOIiqkUBtQs1qVpyOk0h-WuHYznjTkg1nknjTKTH9ksWc1nz31nz3YPkDkTHTKni3kTHD_Pjc3n97exEDQnjTkP9DQnjTkrjNQTHNYmhnvPjbQsycOrANVPjFhmBd6PHF6sHN1n1EzmvmzrjK6rTDKnTDKTHTKTHTKUMR_UTDLuhF6uHNdPjR-PHEzn1IW&tid=54bc6491-b98e-42fb-a52a-53342cf280a8&slotid=1000851&productid=10006&bizresource=0&extParam=%7B%22ppgy_stats%22%3A%7B%22pageSource%22%3A%22%22%2C%22resource%22%3A%2258%22%2C%22abVersion%22%3A%22%22%7D%7D
【合租】望京 南湖东园(二区) 3室次卧,南湖东园(二区),https://legoclick.58.com/cpaclick?target=szqBpB3draOWUvYf0A-80A7Guvq8uL-ds1EznWnLnHEQrjn1rjbYXaO1pZwVUT7bsyEOryNYn191syNkmWNVPAcQrid6nAR6sywhnHDOnhmOn1b1n9DYPjmLPjT3P1mYnH9LrTDKPjczn10QPjD3n1n3rHEKPWTknjTkTHmknjTknTDLnjD1PTDQnWT1THDdrjbOrjNdn1cdrjDKn1TKwbnV0AnVUA-1IAQ-uMEKnEDQTEDVnEDKnWEOnHDdnWbdnWcOrHmkTHTKnHDznW9lnWTkn7t1njTkTHDKrHbLPH0kPycVnj91PiYYn1P6sHbYuHNVnAPhPWw6rjmvPj-bTHDzPWnkrjEknHELP1m3rH0dn1mKnHcvn1T3PjTQPjm3rj9kPj9vPTDKPjc3n9DQTHD8nTDKsEDKTy6YIZK1rBtfmhC8PH98mvqVsLI6UhIJpyOMsLKGUMK6pyIfUhIOIiqkUBtQs1qVpyOk0h-WuHYznjTkg1nknjTKTH9ksWc1nz31nz3YPkDkTHTKni3kTHD_Pjc3n97exEDQnjTkP9DQnjTkrjNQTHm1uH0YPAFWsym1PhcVPA7Wnad6uhPWsynkPjT1mvDQPH93uEDKnTDKTHTKTHTKUMR_UT7-P1DYrHbYuAEvryEYP1IB&tid=63e744bc-f36b-4ac0-afcc-c0403ca1588e&slotid=1000851&productid=10006&bizresource=0&extParam=%7B%22ppgy_stats%22%3A%7B%22pageSource%22%3A%22%22%2C%22resource%22%3A%2258%22%2C%22abVersion%22%3A%22%22%7D%7D
【合租】望京 南湖中园一区(西 4室次卧,南湖中园一区(西,https://legoclick.58.com/cpaclick?target=szqBpB3draOWUvYf0A-80A7Guvq8uL-ds1EznWcvnH03rjD3rjE3XaO1pZwVUT7bsyEOryNYn191syNkmWNVPAcQrid6nAR6sywhnHDOnhmOn1b1n9DYPjmLPjT3P1mYnH9LrTDKPjcznWmQP193nH93Pj9KPWTknjTkTHmknjTknTDLnjD1PTDQnWT1THDdrjbOrjNdn1cdrjDKn1DKwbnV0AnVUA-1IAQ-uMEKnEDQTEDVnEDKnWEOnHDdnWbdnWcOrHmkTHTKnHDznW9lnWTkn7t1njTkTHDKujcvnHE1uWnVPWnzPiYYPjTvsH9dnhEVnhNOuHbdnAPbuH9OTHDzPWcLnWELP19YrjDOPWnknj9KnHcvnW0zPj0LrjEQnjmYP1Ndn9DKPjc3n9DQTHD8nTDKsEDKTy6YIZK1rBtfmhC8PH98mvqVsLI6UhIJpyOMsLKGUMK6pyIfUhIOIiqkUBtQs1qVpyOk0h-WuHYznjTkg1nknjTKTH9ksWc1nz31nz3YPkDkTHTKni3kTHD_Pjc3n97exEDQnjTkP9DQnjTkrjNQTyDQm1EOuAN3sHPBPWbVPAPWradBm1TQsH6WmHTOmvcLrAP6nEDKnTDKTHTKTHTKUMR_UTDYPhF6uhPhrHn1mWmzPHTz&tid=a1c49de8-3b69-4cc8-bc01-8ca09cb78ca1&slotid=1000851&productid=10006&bizresource=0&extParam=%7B%22ppgy_stats%22%3A%7B%22pageSource%22%3A%22%22%2C%22resource%22%3A%2258%22%2C%22abVersion%22%3A%22%22%7D%7D
【合租】望京 望京西园四区 3室次卧,望京西园四区,https://legoclick.58.com/cpaclick?target=szqBpB3draOWUvYf0A-80A7Guvq8uL-ds1EznWcYPjb3Pjc1nj9kXaO1pZwVUT7bsyEOryNYn191syNkmWNVPAcQrid6nAR6sywhnHDOnhmOn1b1n9DYPjmLPjT3P1mYnH9LrTDKPjcznWEYrH9YnWnkrjTKPWTknjTkTHmknjTknTDLnjD1PTDQnWT1THDdrjbOrjNdn1cdrjDKn1cKwbnV0AnVUA-1IAQ-uMEKnEDQTEDVnEDKnWEOnHDdnWbdnWcOrHmkTHTKnHDznW9lnWTkn7t1njTkTHDKnvuWrju-PWNVujPBmzYYPyRBsH9vmWcVPhNLnhm1mvmvrHuBTHDzPWcvPWbLnHNzn1NYnHEknHmKnHcvnWmvrH0QPHcYrjTkrHcQP9DKPjc3n9DQTHD8nTDKsEDKTy6YIZK1rBtfmhC8PH98mvqVsLI6UhIJpyOMsLKGUMK6pyIfUhIOIiqkUBtQs1qVpyOk0h-WuHYznjTkg1nknjTKTH9ksWc1nz31nz3YPkDkTHTKni3kTHD_Pjc3n97exEDQnjTkP9DQnjTkrjNQTHRbujP6uHIhsyRWm1cVPj76niYOPAmOsHbYujE1rjwbPvF-rEDKnTDKTHTKTHTKUMR_UTDzrjEkPjuhuyPWn1EOnHc3&tid=5dd3ae7f-ecc2-41a1-94f9-94d4384d7be9&slotid=1000851&productid=10006&bizresource=0&extParam=%7B%22ppgy_stats%22%3A%7B%22pageSource%22%3A%22%22%2C%22resource%22%3A%2258%22%2C%22abVersion%22%3A%22%22%7D%7D
【合租】望京 望京花园东区 3室次卧,望京花园东区,https://legoclick.58.com/cpaclick?target=szqBpB3draOWUvYf0A-80A7Guvq8uL-ds1EznWcYP1TdP1cYPjnQXaO1pZwVUT7bsyEOryNYn191syNkmWNVPAcQrid6nAR6sywhnHDOnhmOn1b1n9DYPjmLPjT3P1mYnH9LrTDKPjcznWELnjNLnWEYn1DKPWTknjTkTHmknjTknTDLnjD1PTDQnWT1THDdrjbOrjNdn1cdrjDKn1nKwbnV0AnVUA-1IAQ-uMEKnEDQTEDVnEDKnWEOnHDdnWbdnWcOrHmkTHTKnHDznW9lnWTkn7t1njTkTHDKuhNQPHTkmycVnW0YnBYYrH93syF-ujmVnjNYuWcdPAFbPHIBTHDzPWcvP1mdnj9Qrj0dP191PW9KnHcvnWmLPWNkrjTdP1NYnWmdP9DKPjc3n9DQTHD8nTDKsEDKTy6YIZK1rBtfmhC8PH98mvqVsLI6UhIJpyOMsLKGUMK6pyIfUhIOIiqkUBtQs1qVpyOk0h-WuHYznjTkg1nknjTKTH9ksWc1nz31nz3YPkDkTHTKni3kTHD_Pjc3n97exEDQnjTkP9DQnjTkrjNQTHNvnv7bmH76syu-rAcVPj9dnzdBPAR-syF6mWndmHmOPWnOPEDKnTDKTHTKTHTKUMR_UTDQnWu-rAPWmvnQPhDLn1cL&tid=563ada1a-fe8b-4853-b4ee-bab35a696395&slotid=1000851&productid=10006&bizresource=0&extParam=%7B%22ppgy_stats%22%3A%7B%22pageSource%22%3A%22%22%2C%22resource%22%3A%2258%22%2C%22abVersion%22%3A%22%22%7D%7D
【合租】望京 世安家园 4室次卧,世安家园,https://legoclick.58.com/cpaclick?target=szqBpB3draOWUvYf0A-80A7Guvq8uL-ds1EznWcLPH0OrHTdPjE1XaO1pZwVUT7bsyEOryNYn191syNkmWNVPAcQrid6nAR6sywhnHDOnhmOn1b1n9DYPjmLPjT3P1mYnH9LrTDKPjcznW0dP1bOnjNYPjnKPWTknjTkTHmknjTknTDLnjD1PTDQnWT1THDdrjbOrjNdn1cdrjDKn1EKwbnV0AnVUA-1IAQ-uMEKnEDQTEDVnEDKnWEOnHDdnWbdnWcOrHmkTHTKnHDznW9lnWTkn7t1njTkTHDKPhN1PHDdm1cVn1bvmzYYrHmOsycLnHNVryNYnHK6nvEkrH7bTHDzPWcLP1Tvrjb1PjmQnWbOnWTKnHcvnW0Lnjm3rHcvnWc1nHNdnkDKPjc3n9DQTHD8nTDKsEDKTy6YIZK1rBtfmhC8PH98mvqVsLI6UhIJpyOMsLKGUMK6pyIfUhIOIiqkUBtQs1qVpyOk0h-WuHYznjTkg1nknjTKTH9ksWc1nz31nz3YPkDkTHTKni3kTHD_Pjc3n97exEDQnjTkP9DQnjTkrjNQTyn1n17hn10zsyDOmHEVPjK-nBd6uH0OsHD1njPBn1bQPhNkn9DKnTDKTHTKTHTKUMR_UTDOnyn3myDvuyuWryEkm1Ib&tid=c331f372-a9a4-40e2-ae79-1303b3916e02&slotid=1000851&productid=10006&bizresource=0&extParam=%7B%22ppgy_stats%22%3A%7B%22pageSource%22%3A%22%22%2C%22resource%22%3A%2258%22%2C%22abVersion%22%3A%22%22%7D%7D
【合租】望京 南湖中园小区 3室次卧,南湖中园小区,https://legoclick.58.com/cpaclick?target=szqBpB3draOWUvYf0A-80A7Guvq8uL-ds1EznWcOn1nYrH93rjDLXaO1pZwVUT7bsyEOryNYn191syNkmWNVPAcQrid6nAR6sywhnHDOnhmOn1b1n9DYPjmLPjT3P1mYnH9LrTDKPjcznWb1n1EOrj93nH0KPWTknjTkTHmknjTknTDLnjD1PTDQnWT1THDdrjbOrjNdn1cdrjDKn1NKwbnV0AnVUA-1IAQ-uMEKnEDQTEDVnEDKnWEOnHDdnWbdnWcOrHmkTHTKnHDznW9lnWTkn7t1njTkTHDKPH9YnH6WuAnVuycOnBYYnh76syFBmWNVnjI-PjcLnAPBPAc3THDzPWc3nW9QrHb3P1mLP1NOn1mKnHcvnW9zrjDOrH9QrjTdPHm3nTDKPjc3n9DQTHD8nTDKsEDKTy6YIZK1rBtfmhC8PH98mvqVsLI6UhIJpyOMsLKGUMK6pyIfUhIOIiqkUBtQs1qVpyOk0h-WuHYznjTkg1nknjTKTH9ksWc1nz31nz3YPkDkTHTKni3kTHD_Pjc3n97exEDQnjTkP9DQnjTkrjNQTy7huHDOn17WsHEznj9VPju6miYOPjEzsH0kujEzPyR-nhNOmkDKnTDKTHTKTHTKUMR_UT7BmH6-uH9Yn10kuynLnjTO&tid=afe1931c-4208-46aa-9442-70d425ee2e9c&slotid=1000851&productid=10006&bizresource=0&extParam=%7B%22ppgy_stats%22%3A%7B%22pageSource%22%3A%22%22%2C%22resource%22%3A%2258%22%2C%22abVersion%22%3A%22%22%7D%7D
【合租】望京 世安家园 4室次卧,世安家园,https://legoclick.58.com/cpaclick?target=szqBpB3draOWUvYf0A-80A7Guvq8uL-ds1EznWcLP1N3n1E3nWTkXaO1pZwVUT7bsyEOryNYn191syNkmWNVPAcQrid6nAR6sywhnHDOnhmOn1b1n9DYPjmLPjT3P1mYnH9LrTDKPjcznW0LPH91Pj9znjTKPWTknjTkTHmknjTknTDLnjD1PTDQnWT1THDdrjbOrjNdn1cdrjDKn1mKwbnV0AnVUA-1IAQ-uMEKnEDQTEDVnEDKnWEOnHDdnWbdnWcOrHmkTHTKnHDznW9lnWTkn7t1njTkTHDKnyNzPHPhnjEVnWu6naYYPHwhsyczPvmVPAn1nvF-uWDQrHnLTHDzPWcLP1mdn1mYPWNOPjTYrjTKnHcvnW0LPWN1PWnOrj91nHmQP9DKPjc3n9DQTHD8nTDKsEDKTy6YIZK1rBtfmhC8PH98mvqVsLI6UhIJpyOMsLKGUMK6pyIfUhIOIiqkUBtQs1qVpyOk0h-WuHYznjTkg1nknjTKTH9ksWc1nz31nz3YPkDkTHTKni3kTHD_Pjc3n97exEDQnjTkP9DQnjTkrjNQTHm1PjIBnH--sy76nW0VPjNznad6P103sHEYn1K-nAc3mhD3uEDKnTDKTHTKTHTKUMR_UT7Wn1mQuHIWPW9OPjFbPvn1&tid=6347b19e-aa27-4520-a778-4430e0b8ba8e&slotid=1000851&productid=10006&bizresource=0&extParam=%7B%22ppgy_stats%22%3A%7B%22pageSource%22%3A%22%22%2C%22resource%22%3A%2258%22%2C%22abVersion%22%3A%22%22%7D%7D
【合租】望京 南湖中园小区 3室次卧,南湖中园小区,https://legoclick.58.com/cpaclick?target=szqBpB3draOWUvYf0A-80A7Guvq8uL-ds1EznWcdrHnQrHc1P1DOXaO1pZwVUT7bsyEOryNYn191syNkmWNVPAcQrid6nAR6sywhnHDOnhmOn1b1n9DYPjmLPjT3P1mYnH9LrTDKPjcznWNOn1DOnWnLnHbKPWTknjTkTHmknjTknTDLnjD1PTDQnWT1THDdrjbOrjNdn1cdrjDKn10KwbnV0AnVUA-1IAQ-uMEKnEDQTEDVnEDKnWEOnHDdnWbdnWcOrHmkTHTKnHDznW9lnWTkn7t1njTkTHDKnHRhmHN3PH9Vn1TLmiYYm10dsyDLn1EVmhmkuyF-uW9LPj93THDzPWcLnHmvrj9Ynj0LPjEdnHcKnHcvnW0QPWm3rjnYrHTzPjcdP9DKPjc3n9DQTHD8nTDKsEDKTy6YIZK1rBtfmhC8PH98mvqVsLI6UhIJpyOMsLKGUMK6pyIfUhIOIiqkUBtQs1qVpyOk0h-WuHYznjTkg1nknjTKTH9ksWc1nz31nz3YPkDkTHTKni3kTHD_Pjc3n97exEDQnjTkP9DQnjTkrjNQTyndPvDOrjmksyD3m1cVPj-hmzY3uj6bsHcLrAE3PHNdujmvmkDKnTDKTHTKTHTKUMR_UTD1uARbm1I6nWR6njmknANd&tid=c57a9860-a8c2-49fc-8d8d-278d8555d66c&slotid=1000851&productid=10006&bizresource=0&extParam=%7B%22ppgy_stats%22%3A%7B%22pageSource%22%3A%22%22%2C%22resource%22%3A%2258%22%2C%22abVersion%22%3A%22%22%7D%7D
【合租】望京 世安家园 4室次卧,世安家园,https://legoclick.58.com/cpaclick?target=szqBpB3draOWUvYf0A-80A7Guvq8uL-ds1EznWcdrHDQn1NLrjEOXaO1pZwVUT7bsyEOryNYn191syNkmWNVPAcQrid6nAR6sywhnHDOnhmOn1b1n9DYPjmLPjT3P1mYnH9LrTDKPjcznWNOnHD1PH03PjbKPWTknjTkTHmknjTknTDLnjD1PTDQnWT1THDdrjbOrjNdn1cdrjDKn19KwbnV0AnVUA-1IAQ-uMEKnEDQTEDVnEDKnWEOnHDdnWbdnWcOrHmkTHTKnHDznW9lnWTkn7t1njTkTHDKPWcznWD3rjEVuhPbPiYYnHFWsycQnvmVnjDkrHbvnWbOrjbOTHDzPWcLnHmknHE1rHNvP1EvnWEKnHcvnW0QPWTQPjndn10QrHcOP9DKPjc3n9DQTHD8nTDKsEDKTy6YIZK1rBtfmhC8PH98mvqVsLI6UhIJpyOMsLKGUMK6pyIfUhIOIiqkUBtQs1qVpyOk0h-WuHYznjTkg1nknjTKTH9ksWc1nz31nz3YPkDkTHTKni3kTHD_Pjc3n97exEDQnjTkP9DQnjTkrjNQTH9OmvEduWbzsym3mhnVPjKhmBY3mhNQsH0LryE3nyndP1-BnTDKnTDKTHTKTHTKUMR_UT7bmHc3n1I-PWKBPWNkPjE3&tid=89cd5f92-f8bc-40fb-8be1-779d81c579b0&slotid=1000851&productid=10006&bizresource=0&extParam=%7B%22ppgy_stats%22%3A%7B%22pageSource%22%3A%22%22%2C%22resource%22%3A%2258%22%2C%22abVersion%22%3A%22%22%7D%7D
【合租】望京 南湖中园小区 3室次卧,南湖中园小区,https://legoclick.58.com/cpaclick?target=szqBpB3draOWUvYf0A-80A7Guvq8uL-ds1EznWcOP10krHc1PWNLXaO1pZwVUT7bsyEOryNYn191syNkmWNVPAcQrid6nAR6sywhnHDOnhmOn1b1n9DYPjmLPjT3P1mYnH9LrTDKPjcznWbLP1TOnWnvPH0KPWTknjTkTHmknjTknTDLnjD1PTDQnWT1THDdrjbOrjNdn1cdrjDKn1bKwbnV0AnVUA-1IAQ-uMEKnEDQTEDVnEDKnWEOnHDdnWbdnWcOrHmkTHTKnHDznW9lnWTkn7t1njTkTHDKrHmQnvNYujcVrAczraYYuyn3syc3ujNVrj0vuWEkPvuWnjFBTHDzPWc3PjcYrjELnj01njnYnWEKnHcvnW9YnWE3Pjm1nH9QrjcYnTDKPjc3n9DQTHD8nTDKsEDKTy6YIZK1rBtfmhC8PH98mvqVsLI6UhIJpyOMsLKGUMK6pyIfUhIOIiqkUBtQs1qVpyOk0h-WuHYznjTkg1nknjTKTH9ksWc1nz31nz3YPkDkTHTKni3kTHD_Pjc3n97exEDQnjTkP9DQnjTkrjNQTHT3m1ndmyP6sHmdujcVPjw-nzYOuyRWsH7BnvRhmymOnAELnTDKnTDKTHTKTHTKUMR_UTDLujm1mynQnAm1n1D3mWcO&tid=08c35aca-65d2-44e3-9eec-1b3efaf90d70&slotid=1000851&productid=10006&bizresource=0&extParam=%7B%22ppgy_stats%22%3A%7B%22pageSource%22%3A%22%22%2C%22resource%22%3A%2258%22%2C%22abVersion%22%3A%22%22%7D%7D
【合租】望京 南湖中园小区 3室次卧,南湖中园小区,https://legoclick.58.com/cpaclick?target=szqBpB3draOWUvYf0A-80A7Guvq8uL-ds1EznWcLnWbLnHEYrj0zXaO1pZwVUT7bsyEOryNYn191syNkmWNVPAcQrid6nAR6sywhnHDOnhmOn1b1n9DYPjmLPjT3P1mYnH9LrTDKPjcznW0zrH0QPjE3P1cKPWTknjTkTHmknjTknTDLnjD1PTDQnWT1THDdrjbOrjNdn1cdrjDKPjTKwbnV0AnVUA-1IAQ-uMEKnEDQTEDVnEDKnWEOnHDdnWbdnWcOrHmkTHTKnHDznW9lnWTkn7t1njTkTHDKPj76mHPWmWTVuHcdPBYYmvnYsyFWuWmVryE3rjnvmvnkPWPbTHDzPWcLPWDYnWn3PWE1PHcLPW9KnHcvnW0vnHEzn191nj03PWTYrTDKPjc3n9DQTHD8nTDKsEDKTy6YIZK1rBtfmhC8PH98mvqVsLI6UhIJpyOMsLKGUMK6pyIfUhIOIiqkUBtQs1qVpyOk0h-WuHYznjTkg1nknjTKTH9ksWc1nz31nz3YPkDkTHTKni3kTHD_Pjc3n97exEDQnjTkP9DQnjTkrjNQTyEYrymOuA76sH76uH9VPjNLmzY3rj0YsHNzm1mdPywWP101u9DKnTDKTHTKTHTKUMR_UT7-uWD3uj01uAD3Pj-buWNL&tid=d49f9daa-1ae8-457c-8874-52c655dc773f&slotid=1000851&productid=10006&bizresource=0&extParam=%7B%22ppgy_stats%22%3A%7B%22pageSource%22%3A%22%22%2C%22resource%22%3A%2258%22%2C%22abVersion%22%3A%22%22%7D%7D
【合租】望京 南湖中园小区 4室次卧,南湖中园小区,https://legoclick.58.com/cpaclick?target=szqBpB3draOWUvYf0A-80A7Guvq8uL-ds1EznWcvnjnYrHDOPH03XaO1pZwVUT7bsyEOryNYn191syNkmWNVPAcQrid6nAR6sywhnHDOnhmOn1b1n9DYPjmLPjT3P1mYnH9LrTDKPjcznWmkn1EOnHbdP19KPWTknjTkTHmknjTknTDLnjD1PTDQnWT1THDdrjbOrjNdn1cdrjDKPjDKwbnV0AnVUA-1IAQ-uMEKnEDQTEDVnEDKnWEOnHDdnWbdnWcOrHmkTHTKnHDznW9lnWTkn7t1njTkTHDKPhNznyEOm10VmWNkriYYPycvsy7hrjcVP17hPyNvuH7BrjmLTHDzPWcLnWTkPWnzrjnQPHEOPjEKnHcvnW0znjTvn1ckP1mYPHD3PTDKPjc3n9DQTHD8nTDKsEDKTy6YIZK1rBtfmhC8PH98mvqVsLI6UhIJpyOMsLKGUMK6pyIfUhIOIiqkUBtQs1qVpyOk0h-WuHYznjTkg1nknjTKTH9ksWc1nz31nz3YPkDkTHTKni3kTHD_Pjc3n97exEDQnjTkP9DQnjTkrjNQTycYmHnYuW0OsHn3uHmVPjTdPzYOn1bYsH9LPARhuWcvP1NYrTDKnTDKTHTKTHTKUMR_UTDYnvPWnH0vnvnOrjTYrjcY&tid=b4a34f79-38e6-4057-9394-874eff267548&slotid=1000851&productid=10006&bizresource=0&extParam=%7B%22ppgy_stats%22%3A%7B%22pageSource%22%3A%22%22%2C%22resource%22%3A%2258%22%2C%22abVersion%22%3A%22%22%7D%7D
【合租】望京 望京西园二区 5室次卧,望京西园二区,https://legoclick.58.com/cpaclick?target=szqBpB3draOWUvYf0A-80A7Guvq8uL-ds1nOP1TzrHNOrjTknWDdXaO1pZwVUT7bsyEOryNYn191syNkmWNVPAcQrid6nAR6sywhnHDOnhmOn1b1n9DYPjmLPjT3rjDOrjmLrTDKn1bLnjcOPHb3njTznHNKPWTknjTkTHmknjTknTDLnjD1PTDQnWT1THDdrjbOrjNdn1cdrjDKPjcKwbnV0AnVUA-1IAQ-uMEKnEDQTEDVnEDKnWEOnHDdnHbvnHEQPH9YTHTKnHDznW9lnWTkn7t1njTkTHDKmvNdn17hmyNVrycQnBYYmvF6sH-WnWTVnARWmhm1m1mQrycOTHDQrjTkPjnOn10vrjn3rjDOrjEKnHD3njTYn1b1P1mQPW0vrHTzPTDKPjc3n9DQTHD8nTDKsEDKTy6YIZK1rBtfmhC8PH98mvqVsLI6UhIJpyOMsLKGUMK6pyIfUhIOIiqkUBtQs1qVpyOk0h-WuHYznjTkg1nknjTKTH9ksWc1nz31nz3YPkDkTHTKni3kTHD_Pjc3n97exEDQnjTkP9DQnjTkrjNQTy7bP1KbuAm1sH6bPHbVPjnvuaY3PAPBsywhrHTkujIWmWnvPkDKnTDKTHTKTHTKUMR_UTDOrH0kmHT1PHT1uAuBmvuW&tid=ad70ddf3-8d59-436d-84cb-df900d7cb367&slotid=1000851&productid=10006&bizresource=0&extParam=%7B%22ppgy_stats%22%3A%7B%22pageSource%22%3A%22%22%2C%22resource%22%3A%2258%22%2C%22abVersion%22%3A%22%22%7D%7D
【合租】望京 南湖中园小区 3室次卧,南湖中园小区,https://legoclick.58.com/cpaclick?target=szqBpB3draOWUvYf0A-80A7Guvq8uL-ds1EznWnvPWNOPWEQnWNQXaO1pZwVUT7bsyEOryNYn191syNkmWNVPAcQrid6nAR6sywhnHDOnhmOn1b1n9DYPjmLPjT3P1mYnH9LrTDKPjczn1mvPHbvPjDzPHDKPWTknjTkTHmknjTknTDLnjD1PTDQnWT1THDdrjbOrjNdn1cdrjDKPjnKwbnV0AnVUA-1IAQ-uMEKnEDQTEDVnEDKnWEOnHDdnWbdnWcOrHmkTHTKnHDznW9lnWTkn7t1njTkTHDKm1nLP1FWuHEVnHELPzYYm1P6syc1uHEVnHnkPHbknjKhryN3THDzPWnkPW9znHEYn1NzPH91PW9KnHcvn1TvrjcQPjnYP1DOnjcLn9DKPjc3n9DQTHD8nTDKsEDKTy6YIZK1rBtfmhC8PH98mvqVsLI6UhIJpyOMsLKGUMK6pyIfUhIOIiqkUBtQs1qVpyOk0h-WuHYznjTkg1nknjTKTH9ksWc1nz31nz3YPkDkTHTKni3kTHD_Pjc3n97exEDQnjTkP9DQnjTkrjNQTymznyNzujnQsHEQPjcVPj9OradBPjIBsymkPj6BP1n3rHuBrEDKnTDKTHTKTHTKUMR_UTD3uHwbmH93PyFBmh7-ujbv&tid=f21e2d31-4142-4898-b47b-f048b73896b9&slotid=1000851&productid=10006&bizresource=0&extParam=%7B%22ppgy_stats%22%3A%7B%22pageSource%22%3A%22%22%2C%22resource%22%3A%2258%22%2C%22abVersion%22%3A%22%22%7D%7D
【合租】望京 世安家园 3室次卧,世安家园,https://legoclick.58.com/cpaclick?target=szqBpB3draOWUvYf0A-80A7Guvq8uL-ds1EznWcYPWTQn1c1PHcYXaO1pZwVUT7bsyEOryNYn191syNkmWNVPAcQrid6nAR6sywhnHDOnhmOn1b1n9DYPjmLPjT3P1mYnH9LrTDKPjcznWEvnjD1nWndnWEKPWTknjTkTHmknjTknTDLnjD1PTDQnWT1THDdrjbOrjNdn1cdrjDKPjEKwbnV0AnVUA-1IAQ-uMEKnEDQTEDVnEDKnWEOnHDdnWbdnWcOrHmkTHTKnHDznW9lnWTkn7t1njTkTHDKrjm1ujmzrycVuyFhuaYYmWDQsyc3rynVuhDdP1IhPWn1rjmYTHDzPWcvP1nkrj01nWDvnHczrj9KnHcvnWmLn1T3P1cvnW9OnWT1nkDKPjc3n9DQTHD8nTDKsEDKTy6YIZK1rBtfmhC8PH98mvqVsLI6UhIJpyOMsLKGUMK6pyIfUhIOIiqkUBtQs1qVpyOk0h-WuHYznjTkg1nknjTKTH9ksWc1nz31nz3YPkDkTHTKni3kTHD_Pjc3n97exEDQnjTkP9DQnjTkrjNQTynznW7WP1TdsHKWmHDVPAEQuidBuymLsHEzrj0LPHw6mHb3nkDKnTDKTHTKTHTKUMR_UTDvrAP6PvDkmy7-ujNvuWEd&tid=c221c705-0ca1-4d1e-bef7-4287754aa983&slotid=1000851&productid=10006&bizresource=0&extParam=%7B%22ppgy_stats%22%3A%7B%22pageSource%22%3A%22%22%2C%22resource%22%3A%2258%22%2C%22abVersion%22%3A%22%22%7D%7D
【合租】望京 南湖中园一区(西 3室次卧,南湖中园一区(西,https://legoclick.58.com/cpaclick?target=szqBpB3draOWUvYf0A-80A7Guvq8uL-ds1EznWnznWTLnHm3PWNzXaO1pZwVUT7bsyEOryNYn191syNkmWNVPAcQrid6nAR6sywhnHDOnhmOn1b1n9DYPjmLPjT3P1mYnH9LrTDKPjczn1cznj0QPW9vPHcKPWTknjTkTHmknjTknTDLnjD1PTDQnWT1THDdrjbOrjNdn1cdrjcKPjNKwbnV0AnVUA-1IAQ-uMEKnEDQTEDVnEDKnWEOnHDdnWbdnWcOrHmkTHTKnHDznW9lnWTkn7t1njTkTHDKnh76uhNQn1EVnHE3mzYYmyPBsH9QmhNVnH6bPHNOmWcQnhEzTHDzPWcOnWc1nHN3n1bkPHn3nWEKnHcvnWbznWnQPH0LPWD1rHcvPTDKPjc3n9DQTHD8nTDKsEDKTy6YIZK1rBtfmhC8PH98mvqVsLI6UhIJpyOMsLKGUMK6pyIfUhIOIiqkUBtQs1qVpyOk0h-WuHYznjTkg1nknjTKTH9ksWc1nz31nz3YPkDkTHTKni3kTHD_Pjc3n97exEDQnjTkP9DQnjTkrjNQTyPhmyFhuA7BsHI6nyNVPAEQuBY3PvmQsyPhnHnzPWnYnvPbPTDKnTDKTHTKTHTKUMR_UTDOrjuBmyw-rHTQmW6-PH6B&tid=cfabfdab-7a1e-4d1f-87f1-cf1326343cd4&slotid=1000851&productid=10006&bizresource=0&extParam=%7B%22ppgy_stats%22%3A%7B%22pageSource%22%3A%22%22%2C%22resource%22%3A%2258%22%2C%22abVersion%22%3A%22%22%7D%7D
